# model,Example car (demo data)
# frontal_area_mm2,4000
# started_at,2026-10-01T09:00:00.000Z
timestamp,mode,airspeed_ms,drag_N,lift_N,Cd,Cl,host_time_s
4700,IDLE,0,-0.009,-0.005,,,0.000
4800,IDLE,0,-0.003,-0.005,,,0.100
4900,IDLE,0,0.001,-0.003,,,0.200
5000,IDLE,0,-0.002,-0.004,,,0.300
5100,IDLE,0,-0.004,0,,,0.400
5200,IDLE,0,0.003,0.006,,,0.500
5300,IDLE,0,0.011,0.002,,,0.600
5400,IDLE,0,0.012,-0.011,,,0.700
5500,IDLE,0,-0.001,-0.003,,,0.800
5600,IDLE,0,-0.006,0.007,,,0.900
5700,IDLE,0,-0.003,0.009,,,1.000
5800,IDLE,0,-0.002,-0.01,,,1.100
5900,IDLE,0,0.007,0.004,,,1.200
6000,IDLE,0,0.001,-0.002,,,1.300
6100,IDLE,0,-0.014,0,,,1.400
6200,IDLE,0,0.009,-0.001,,,1.500
6300,IDLE,0,0.005,-0.019,,,1.600
6400,IDLE,0,0,0.006,,,1.700
6500,IDLE,0,-0.005,-0.003,,,1.800
6600,IDLE,0,0.002,0.006,,,1.900
6700,IDLE,0,0.007,0.005,,,2.000
6800,IDLE,0,-0.002,-0.003,,,2.100
6900,IDLE,0,0.003,-0.011,,,2.200
7000,IDLE,0,0,-0.005,,,2.300
7100,IDLE,0,0.002,-0.008,,,2.400
7200,IDLE,0,-0.008,0,,,2.500
7300,IDLE,0,0,0.007,,,2.600
7400,IDLE,0,-0.004,-0.005,,,2.700
7500,IDLE,0,0.004,0.01,,,2.800
7600,IDLE,0,-0.001,-0.008,,,2.900
7700,SMOKE,0.06,-0.002,0.007,,,3.000
7800,SMOKE,0.11,0.001,0.005,,,3.100
7900,SMOKE,0.17,0.014,0.003,,,3.200
8000,SMOKE,0.23,0.001,-0.003,,,3.300
8100,SMOKE,0.3,-0.003,-0.002,,,3.400
8200,SMOKE,0.3,0.005,0,,,3.500
8300,SMOKE,0.25,0.004,0.004,,,3.600
8400,SMOKE,0.48,-0.004,-0.004,,,3.700
8500,SMOKE,0.57,-0.007,-0.002,,,3.800
8600,SMOKE,0.61,-0.004,0,,,3.900
8700,SMOKE,0.67,0.005,-0.012,,,4.000
8800,SMOKE,0.71,-0.009,0.002,,,4.100
8900,SMOKE,0.62,0.004,0.004,,,4.200
9000,SMOKE,0.82,-0.006,-0.003,,,4.300
9100,SMOKE,0.89,0.009,0.001,,,4.400
9200,SMOKE,0.88,0.001,0.008,,,4.500
9300,SMOKE,1.07,0.003,0.004,,,4.600
9400,SMOKE,1.05,0.002,-0.01,,,4.700
9500,SMOKE,1.12,-0.004,-0.002,,,4.800
9600,SMOKE,1.11,-0.003,0.007,,,4.900
9700,SMOKE,1.34,0.002,0.002,,,5.000
9800,SMOKE,1.26,0.011,-0.011,,,5.100
9900,SMOKE,1.41,-0.002,-0.002,,,5.200
10000,SMOKE,1.46,-0.002,-0.006,,,5.300
10100,SMOKE,1.47,0.005,0.002,,,5.400
10200,SMOKE,1.52,-0.001,-0.006,,,5.500
10300,SMOKE,1.51,-0.002,0.008,,,5.600
10400,SMOKE,1.6,0.001,0.002,,,5.700
10500,SMOKE,1.63,0.007,-0.003,,,5.800
10600,SMOKE,1.77,-0.002,-0.01,,,5.900
10700,SMOKE,1.73,-0.004,-0.01,,,6.000
10800,SMOKE,1.96,0.011,-0.006,,,6.100
10900,SMOKE,1.87,0.007,-0.001,,,6.200
11000,SMOKE,1.88,0.007,-0.007,,,6.300
11100,SMOKE,2.08,-0.009,-0.002,,,6.400
11200,SMOKE,1.97,0.008,-0.003,,,6.500
11300,SMOKE,2.01,0.004,0.002,,,6.600
11400,SMOKE,1.94,0,-0.001,,,6.700
11500,SMOKE,1.9,-0.001,-0.003,,,6.800
11600,SMOKE,1.93,0.006,0.001,,,6.900
11700,SMOKE,2.09,-0.001,0.006,,,7.000
11800,SMOKE,1.95,0.003,0.001,,,7.100
11900,SMOKE,2.09,0.005,-0.004,,,7.200
12000,SMOKE,2.01,0.002,0.007,,,7.300
12100,SMOKE,1.9,0.002,0,,,7.400
12200,SMOKE,1.99,0.002,0.002,,,7.500
12300,SMOKE,2.03,0.006,-0.014,,,7.600
12400,SMOKE,2.07,-0.001,-0.006,,,7.700
12500,SMOKE,2.03,0.005,0,,,7.800
12600,SMOKE,1.96,0.009,-0.017,,,7.900
12700,SMOKE,1.9,0.001,-0.004,,,8.000
12800,SMOKE,2.06,0.008,-0.007,,,8.100
12900,SMOKE,2.04,0.006,0.008,,,8.200
13000,SMOKE,1.97,-0.001,-0.004,,,8.300
13100,SMOKE,1.97,0.006,-0.01,,,8.400
13200,SMOKE,2.03,0.001,-0.003,,,8.500
13300,SMOKE,2.11,0.011,0.003,,,8.600
13400,SMOKE,2.08,0.001,-0.012,,,8.700
13500,SMOKE,1.86,-0.003,-0.004,,,8.800
13600,SMOKE,1.99,0.001,-0.003,,,8.900
13700,SMOKE,1.86,-0.006,-0.007,,,9.000
13800,SMOKE,2,0.004,-0.002,,,9.100
13900,SMOKE,2,-0.003,-0.001,,,9.200
14000,SMOKE,1.99,0.012,0.003,,,9.300
14100,SMOKE,1.96,0.006,-0.006,,,9.400
14200,SMOKE,2,0.018,-0.008,,,9.500
14300,SMOKE,1.99,-0.007,0.002,,,9.600
14400,SMOKE,2.01,0.004,-0.01,,,9.700
14500,SMOKE,2.02,0.005,-0.005,,,9.800
14600,SMOKE,2.04,0.005,-0.003,,,9.900
14700,SMOKE,2.13,-0.006,-0.001,,,10.000
14800,SMOKE,1.95,0.004,0.001,,,10.100
14900,SMOKE,2.02,-0.003,-0.007,,,10.200
15000,SMOKE,2.02,0.012,-0.011,,,10.300
15100,SMOKE,1.91,0.007,-0.007,,,10.400
15200,SMOKE,2.02,0.015,0.004,,,10.500
15300,SMOKE,2,0.001,-0.011,,,10.600
15400,SMOKE,1.97,0.005,-0.014,,,10.700
15500,SMOKE,1.95,0.009,-0.006,,,10.800
15600,SMOKE,1.98,0.007,-0.002,,,10.900
15700,SMOKE,2.02,0.001,-0.001,,,11.000
15800,SMOKE,2,0.002,0.009,,,11.100
15900,SMOKE,2.05,-0.002,0.003,,,11.200
16000,SMOKE,2.03,0.004,0.007,,,11.300
16100,SMOKE,1.93,0.013,0.006,,,11.400
16200,SMOKE,1.95,0.015,0.001,,,11.500
16300,SMOKE,2.06,0.007,0.008,,,11.600
16400,SMOKE,2.05,0,0.002,,,11.700
16500,SMOKE,2.08,0.003,-0.004,,,11.800
16600,SMOKE,2.03,0.011,-0.012,,,11.900
16700,SMOKE,1.95,-0.001,-0.006,,,12.000
16800,SMOKE,2,0.006,0.002,,,12.100
16900,SMOKE,2.07,-0.002,-0.001,,,12.200
17000,SMOKE,1.9,0.007,-0.003,,,12.300
17100,SMOKE,1.93,0.001,-0.004,,,12.400
17200,SMOKE,2.03,0.007,-0.007,,,12.500
17300,SMOKE,1.92,0.013,0.014,,,12.600
17400,SMOKE,2.05,0.01,-0.009,,,12.700
17500,SMOKE,1.99,0.01,-0.009,,,12.800
17600,SMOKE,2.01,0.004,-0.004,,,12.900
17700,SMOKE,2.04,0,-0.011,,,13.000
17800,SMOKE,1.97,-0.004,0.001,,,13.100
17900,SMOKE,2.01,0.019,0.001,,,13.200
18000,SMOKE,1.98,0.001,-0.013,,,13.300
18100,SMOKE,1.96,-0.006,-0.007,,,13.400
18200,SMOKE,1.95,-0.003,-0.005,,,13.500
18300,SMOKE,2,0.001,0.006,,,13.600
18400,SMOKE,1.91,-0.007,-0.004,,,13.700
18500,SMOKE,1.98,-0.005,0.008,,,13.800
18600,SMOKE,2.03,0.004,-0.003,,,13.900
18700,SMOKE,2.03,0.004,-0.008,,,14.000
18800,SMOKE,2.03,0.01,-0.005,,,14.100
18900,SMOKE,2.05,-0.006,-0.008,,,14.200
19000,SMOKE,2.05,0.009,0.001,,,14.300
19100,SMOKE,1.92,0.001,-0.014,,,14.400
19200,SMOKE,1.98,0.003,-0.003,,,14.500
19300,SMOKE,2.06,0.009,0.01,,,14.600
19400,SMOKE,2,0.012,-0.001,,,14.700
19500,SMOKE,1.96,0.013,-0.002,,,14.800
19600,SMOKE,2.03,-0.001,-0.005,,,14.900
19700,SMOKE,1.96,0.008,0.009,,,15.000
19800,SMOKE,2.05,0.009,-0.004,,,15.100
19900,SMOKE,1.96,0.006,0.007,,,15.200
20000,SMOKE,1.98,0.005,0.001,,,15.300
20100,SMOKE,1.97,-0.005,-0.013,,,15.400
20200,SMOKE,1.95,0.002,-0.004,,,15.500
20300,SMOKE,1.95,-0.002,-0.001,,,15.600
20400,SMOKE,2.1,0.002,-0.001,,,15.700
20500,SMOKE,1.87,-0.001,-0.005,,,15.800
20600,SMOKE,2.08,0,-0.004,,,15.900
20700,SMOKE,1.89,-0.003,-0.009,,,16.000
20800,SMOKE,2.12,0.008,-0.002,,,16.100
20900,SMOKE,2.02,0.002,-0.015,,,16.200
21000,SMOKE,1.99,0.013,-0.01,,,16.300
21100,SMOKE,2.02,0,-0.008,,,16.400
21200,SMOKE,1.93,0.001,0.004,,,16.500
21300,SMOKE,2.04,-0.005,-0.007,,,16.600
21400,SMOKE,2,0.006,-0.005,,,16.700
21500,SMOKE,2,0.002,-0.018,,,16.800
21600,SMOKE,2.03,-0.007,-0.011,,,16.900
21700,SMOKE,2.03,-0.002,-0.007,,,17.000
21800,IDLE,1.95,-0.001,-0.006,,,17.100
21900,IDLE,1.92,0.015,0.006,,,17.200
22000,IDLE,1.86,-0.005,-0.004,,,17.300
22100,IDLE,1.79,-0.003,0.008,,,17.400
22200,IDLE,1.69,-0.002,-0.007,,,17.500
22300,IDLE,1.68,0.013,-0.006,,,17.600
22400,IDLE,1.62,0.001,0,,,17.700
22500,IDLE,1.56,0,-0.007,,,17.800
22600,IDLE,1.51,-0.006,0.004,,,17.900
22700,IDLE,1.57,-0.013,-0.008,,,18.000
22800,IDLE,1.35,0,0,,,18.100
22900,IDLE,1.38,0.002,-0.006,,,18.200
23000,IDLE,1.22,-0.002,-0.004,,,18.300
23100,IDLE,1.22,0.003,-0.004,,,18.400
23200,IDLE,1.13,-0.003,-0.003,,,18.500
23300,IDLE,1.19,0.004,0,,,18.600
23400,IDLE,0.99,-0.001,0.004,,,18.700
23500,IDLE,1.1,-0.007,-0.002,,,18.800
23600,IDLE,0.94,0,-0.003,,,18.900
23700,IDLE,0.81,-0.006,-0.008,,,19.000
23800,IDLE,0.77,0.002,-0.006,,,19.100
23900,IDLE,0.78,0.005,-0.004,,,19.200
24000,IDLE,0.73,-0.007,0.004,,,19.300
24100,IDLE,0.68,0.001,0.001,,,19.400
24200,IDLE,0.62,0.003,-0.006,,,19.500
24300,IDLE,0.54,0.003,0.005,,,19.600
24400,IDLE,0.56,0.006,0.003,,,19.700
24500,IDLE,0.39,0.006,0.007,,,19.800
24600,IDLE,0.29,-0.008,0.007,,,19.900
24700,IDLE,0.31,0.006,0.003,,,20.000
24800,IDLE,0.16,-0.005,-0.004,,,20.100
24900,IDLE,0.17,0.01,-0.003,,,20.200
25000,IDLE,0.11,-0.003,-0.002,,,20.300
25100,IDLE,0.06,0.01,-0.003,,,20.400
25200,IDLE,0,-0.003,0.001,,,20.500
25300,IDLE,0,-0.008,0.003,,,20.600
25400,IDLE,0,0,0.006,,,20.700
25500,IDLE,0,-0.001,-0.004,,,20.800
25600,IDLE,0,0.002,-0.001,,,20.900
25700,IDLE,0,-0.001,-0.008,,,21.000
25800,IDLE,0,0.008,-0.004,,,21.100
25900,IDLE,0,-0.006,-0.001,,,21.200
26000,IDLE,0,0.007,-0.012,,,21.300
26100,IDLE,0,0.005,0.007,,,21.400
26200,IDLE,0,0.004,-0.006,,,21.500
26300,IDLE,0,-0.012,-0.001,,,21.600
26400,IDLE,0,0.004,0.002,,,21.700
26500,IDLE,0,-0.006,0.002,,,21.800
26600,IDLE,0,0.011,-0.005,,,21.900
26700,IDLE,0,0.008,-0.005,,,22.000
26800,IDLE,0,-0.003,0.004,,,22.100
26900,FORCE,0,0.005,-0.007,,,22.200
27000,FORCE,0,-0.004,-0.009,,,22.300
27100,FORCE,0,-0.006,-0.009,,,22.400
27200,FORCE,0,0.006,0.01,,,22.500
27300,FORCE,0,-0.001,-0.007,,,22.600
27400,FORCE,0,0.012,0.002,,,22.700
27500,FORCE,0,-0.014,0.003,,,22.800
27600,FORCE,0,0,-0.001,,,22.900
27700,FORCE,0,-0.001,0.003,,,23.000
27800,FORCE,0,-0.006,-0.007,,,23.100
27900,FORCE,0,-0.01,-0.003,,,23.200
28000,FORCE,0.17,-0.005,0.008,,,23.300
28100,FORCE,0.35,-0.01,-0.007,,,23.400
28200,FORCE,0.51,0.004,0.007,,,23.500
28300,FORCE,0.62,0.009,-0.005,,,23.600
28400,FORCE,0.87,0.007,0.005,,,23.700
28500,FORCE,0.97,0.008,-0.01,,,23.800
28600,FORCE,1.12,0.002,-0.004,,,23.900
28700,FORCE,1.37,0.002,0.001,,,24.000
28800,FORCE,1.58,0,0.003,,,24.100
28900,FORCE,1.65,0.01,0.002,,,24.200
29000,FORCE,1.86,0.005,-0.01,,,24.300
29100,FORCE,2.1,0.003,-0.005,,,24.400
29200,FORCE,2.21,-0.003,-0.006,,,24.500
29300,FORCE,2.46,0.007,0,,,24.600
29400,FORCE,2.51,0.002,0.002,,,24.700
29500,FORCE,2.71,0.007,0,,,24.800
29600,FORCE,2.91,0.016,-0.003,,,24.900
29700,FORCE,3.13,0.007,-0.012,0.308,-0.481,25.000
29800,FORCE,3.27,0.007,-0.005,0.259,-0.188,25.100
29900,FORCE,3.41,0.009,-0.002,0.315,-0.085,25.200
30000,FORCE,3.66,0.011,-0.015,0.327,-0.467,25.300
30100,FORCE,3.83,0.011,-0.011,0.302,-0.31,25.400
30200,FORCE,3.96,0.003,-0.026,0.085,-0.668,25.500
30300,FORCE,4.15,0.011,-0.014,0.258,-0.331,25.600
30400,FORCE,4.3,0.031,-0.005,0.681,-0.121,25.700
30500,FORCE,4.45,0.005,-0.014,0.104,-0.285,25.800
30600,FORCE,4.66,0.013,-0.007,0.244,-0.138,25.900
30700,FORCE,4.75,0.025,-0.018,0.446,-0.334,26.000
30800,FORCE,4.92,0.019,-0.016,0.327,-0.266,26.100
30900,FORCE,5.2,0.032,-0.019,0.483,-0.283,26.200
31000,FORCE,5.36,0.027,-0.013,0.382,-0.19,26.300
31100,FORCE,5.54,0.027,-0.027,0.361,-0.361,26.400
31200,FORCE,5.73,0.029,-0.025,0.359,-0.31,26.500
31300,FORCE,5.88,0.038,-0.026,0.444,-0.302,26.600
31400,FORCE,5.95,0.027,-0.025,0.308,-0.292,26.700
31500,FORCE,6.02,0.037,-0.015,0.417,-0.164,26.800
31600,FORCE,6.11,0.029,-0.02,0.316,-0.218,26.900
31700,FORCE,5.99,0.034,-0.02,0.389,-0.226,27.000
31800,FORCE,5.94,0.048,-0.03,0.55,-0.347,27.100
31900,FORCE,5.95,0.036,-0.027,0.414,-0.317,27.200
32000,FORCE,5.98,0.029,-0.029,0.334,-0.336,27.300
32100,FORCE,5.96,0.034,-0.018,0.393,-0.204,27.400
32200,FORCE,5.97,0.018,-0.021,0.21,-0.238,27.500
32300,FORCE,6.09,0.025,-0.032,0.281,-0.352,27.600
32400,FORCE,6.07,0.024,-0.024,0.262,-0.262,27.700
32500,FORCE,5.93,0.035,-0.015,0.409,-0.169,27.800
32600,FORCE,6.05,0.021,-0.028,0.229,-0.317,27.900
32700,FORCE,5.98,0.037,-0.032,0.424,-0.365,28.000
32800,FORCE,6,0.044,-0.03,0.495,-0.338,28.100
32900,FORCE,5.97,0.035,-0.021,0.401,-0.239,28.200
33000,FORCE,5.99,0.031,-0.026,0.358,-0.297,28.300
33100,FORCE,5.93,0.033,-0.038,0.384,-0.438,28.400
33200,FORCE,6.1,0.025,-0.022,0.277,-0.239,28.500
33300,FORCE,6.02,0.032,-0.027,0.357,-0.302,28.600
33400,FORCE,5.92,0.027,-0.026,0.312,-0.3,28.700
33500,FORCE,6,0.03,-0.029,0.339,-0.324,28.800
33600,FORCE,5.96,0.029,-0.027,0.339,-0.312,28.900
33700,FORCE,6.02,0.019,-0.015,0.212,-0.171,29.000
33800,FORCE,5.95,0.041,-0.036,0.475,-0.411,29.100
33900,FORCE,6.12,0.033,-0.031,0.36,-0.336,29.200
34000,FORCE,6,0.038,-0.031,0.43,-0.352,29.300
34100,FORCE,5.98,0.034,-0.032,0.384,-0.369,29.400
34200,FORCE,6.07,0.022,-0.022,0.244,-0.243,29.500
34300,FORCE,5.97,0.027,-0.019,0.311,-0.22,29.600
34400,FORCE,6,0.037,-0.025,0.42,-0.289,29.700
34500,FORCE,6.03,0.035,-0.021,0.396,-0.241,29.800
34600,FORCE,5.95,0.034,-0.024,0.386,-0.271,29.900
34700,FORCE,6.08,0.029,-0.025,0.323,-0.278,30.000
34800,FORCE,5.99,0.03,-0.022,0.336,-0.256,30.100
34900,FORCE,6,0.029,-0.019,0.324,-0.215,30.200
35000,FORCE,6.07,0.031,-0.023,0.341,-0.254,30.300
35100,FORCE,6.09,0.043,-0.025,0.477,-0.274,30.400
35200,FORCE,6.2,0.031,-0.023,0.325,-0.245,30.500
35300,FORCE,6.43,0.037,-0.033,0.368,-0.328,30.600
35400,FORCE,6.65,0.026,-0.023,0.244,-0.216,30.700
35500,FORCE,6.66,0.047,-0.035,0.434,-0.322,30.800
35600,FORCE,6.76,0.044,-0.035,0.393,-0.314,30.900
35700,FORCE,7.12,0.05,-0.03,0.403,-0.242,31.000
35800,FORCE,7.1,0.047,-0.044,0.377,-0.355,31.100
35900,FORCE,7.35,0.037,-0.04,0.282,-0.301,31.200
36000,FORCE,7.47,0.034,-0.031,0.249,-0.229,31.300
36100,FORCE,7.5,0.058,-0.04,0.419,-0.287,31.400
36200,FORCE,7.75,0.048,-0.038,0.327,-0.261,31.500
36300,FORCE,7.84,0.06,-0.037,0.397,-0.247,31.600
36400,FORCE,8.02,0.063,-0.043,0.4,-0.275,31.700
36500,FORCE,8.14,0.05,-0.039,0.307,-0.239,31.800
36600,FORCE,8.34,0.057,-0.048,0.333,-0.28,31.900
36700,FORCE,8.44,0.056,-0.049,0.321,-0.281,32.000
36800,FORCE,8.63,0.069,-0.049,0.378,-0.267,32.100
36900,FORCE,8.66,0.069,-0.054,0.375,-0.292,32.200
37000,FORCE,8.87,0.074,-0.043,0.381,-0.225,32.300
37100,FORCE,9.04,0.07,-0.05,0.35,-0.249,32.400
37200,FORCE,9.17,0.065,-0.054,0.315,-0.262,32.500
37300,FORCE,9.33,0.067,-0.057,0.312,-0.266,32.600
37400,FORCE,9.38,0.08,-0.054,0.372,-0.25,32.700
37500,FORCE,9.54,0.077,-0.065,0.346,-0.291,32.800
37600,FORCE,9.74,0.089,-0.071,0.384,-0.306,32.900
37700,FORCE,9.83,0.095,-0.055,0.402,-0.234,33.000
37800,FORCE,10.06,0.101,-0.074,0.406,-0.297,33.100
37900,FORCE,10.07,0.095,-0.066,0.381,-0.266,33.200
38000,FORCE,10.18,0.085,-0.072,0.335,-0.283,33.300
38100,FORCE,10.39,0.091,-0.075,0.344,-0.284,33.400
38200,FORCE,10.65,0.105,-0.076,0.379,-0.273,33.500
38300,FORCE,10.76,0.107,-0.085,0.377,-0.3,33.600
38400,FORCE,10.82,0.116,-0.083,0.406,-0.288,33.700
38500,FORCE,10.97,0.108,-0.084,0.367,-0.286,33.800
38600,FORCE,11.04,0.105,-0.077,0.353,-0.258,33.900
38700,FORCE,10.9,0.103,-0.085,0.355,-0.291,34.000
38800,FORCE,10.97,0.112,-0.092,0.381,-0.313,34.100
38900,FORCE,11.07,0.111,-0.09,0.37,-0.301,34.200
39000,FORCE,10.98,0.117,-0.082,0.398,-0.279,34.300
39100,FORCE,11.01,0.106,-0.078,0.356,-0.264,34.400
39200,FORCE,11.01,0.097,-0.096,0.326,-0.323,34.500
39300,FORCE,11.08,0.113,-0.075,0.375,-0.25,34.600
39400,FORCE,11.07,0.106,-0.081,0.353,-0.269,34.700
39500,FORCE,11.02,0.118,-0.087,0.396,-0.293,34.800
39600,FORCE,11.04,0.117,-0.088,0.39,-0.296,34.900
39700,FORCE,11.04,0.123,-0.082,0.41,-0.276,35.000
39800,FORCE,10.93,0.103,-0.08,0.352,-0.274,35.100
39900,FORCE,10.95,0.107,-0.085,0.364,-0.288,35.200
40000,FORCE,11.06,0.11,-0.09,0.366,-0.299,35.300
40100,FORCE,11.02,0.101,-0.07,0.34,-0.237,35.400
40200,FORCE,10.91,0.108,-0.087,0.369,-0.298,35.500
40300,FORCE,10.95,0.117,-0.085,0.399,-0.29,35.600
40400,FORCE,11.01,0.1,-0.079,0.336,-0.267,35.700
40500,FORCE,10.93,0.119,-0.087,0.406,-0.296,35.800
40600,FORCE,11.03,0.114,-0.084,0.384,-0.283,35.900
40700,FORCE,11.02,0.106,-0.086,0.356,-0.289,36.000
40800,FORCE,10.97,0.119,-0.086,0.405,-0.293,36.100
40900,FORCE,10.9,0.108,-0.075,0.372,-0.258,36.200
41000,FORCE,11.09,0.103,-0.096,0.344,-0.32,36.300
41100,FORCE,11.11,0.111,-0.086,0.366,-0.284,36.400
41200,FORCE,10.9,0.113,-0.088,0.388,-0.303,36.500
41300,FORCE,11.03,0.106,-0.094,0.356,-0.314,36.600
41400,FORCE,10.98,0.108,-0.068,0.367,-0.231,36.700
41500,FORCE,11,0.106,-0.081,0.359,-0.272,36.800
41600,FORCE,10.93,0.103,-0.081,0.353,-0.277,36.900
41700,FORCE,11.08,0.102,-0.068,0.339,-0.227,37.000
41800,FORCE,11.04,0.111,-0.077,0.371,-0.257,37.100
41900,FORCE,11.05,0.103,-0.086,0.345,-0.287,37.200
42000,FORCE,10.99,0.103,-0.094,0.35,-0.319,37.300
42100,FORCE,10.99,0.111,-0.082,0.374,-0.276,37.400
42200,FORCE,11.18,0.108,-0.08,0.354,-0.26,37.500
42300,FORCE,11.27,0.112,-0.084,0.359,-0.27,37.600
42400,FORCE,11.37,0.112,-0.093,0.352,-0.293,37.700
42500,FORCE,11.59,0.115,-0.085,0.35,-0.257,37.800
42600,FORCE,11.57,0.125,-0.099,0.381,-0.3,37.900
42700,FORCE,11.79,0.128,-0.1,0.377,-0.294,38.000
42800,FORCE,11.93,0.123,-0.097,0.353,-0.278,38.100
42900,FORCE,12.15,0.131,-0.099,0.362,-0.274,38.200
43000,FORCE,12.32,0.126,-0.102,0.339,-0.275,38.300
43100,FORCE,12.29,0.135,-0.117,0.365,-0.315,38.400
43200,FORCE,12.52,0.151,-0.107,0.393,-0.278,38.500
43300,FORCE,12.71,0.137,-0.107,0.345,-0.271,38.600
43400,FORCE,12.78,0.137,-0.103,0.341,-0.258,38.700
43500,FORCE,12.96,0.152,-0.125,0.37,-0.304,38.800
43600,FORCE,13.11,0.155,-0.107,0.367,-0.255,38.900
43700,FORCE,13.35,0.156,-0.114,0.358,-0.262,39.000
43800,FORCE,13.41,0.145,-0.121,0.33,-0.275,39.100
43900,FORCE,13.46,0.156,-0.119,0.351,-0.268,39.200
44000,FORCE,13.6,0.164,-0.115,0.361,-0.253,39.300
44100,FORCE,13.88,0.167,-0.14,0.354,-0.297,39.400
44200,FORCE,13.95,0.18,-0.135,0.378,-0.283,39.500
44300,FORCE,14.12,0.181,-0.137,0.37,-0.28,39.600
44400,FORCE,14.34,0.184,-0.142,0.364,-0.281,39.700
44500,FORCE,14.38,0.18,-0.148,0.356,-0.293,39.800
44600,FORCE,14.51,0.18,-0.148,0.349,-0.288,39.900
44700,FORCE,14.68,0.195,-0.148,0.368,-0.28,40.000
44800,FORCE,14.89,0.205,-0.152,0.378,-0.28,40.100
44900,FORCE,14.99,0.2,-0.148,0.364,-0.268,40.200
45000,FORCE,15.03,0.204,-0.151,0.369,-0.274,40.300
45100,FORCE,15.33,0.206,-0.161,0.358,-0.28,40.400
45200,FORCE,15.42,0.203,-0.162,0.348,-0.277,40.500
45300,FORCE,15.55,0.216,-0.17,0.365,-0.288,40.600
45400,FORCE,15.74,0.213,-0.177,0.351,-0.292,40.700
45500,FORCE,15.84,0.233,-0.176,0.379,-0.286,40.800
45600,FORCE,16.04,0.223,-0.177,0.353,-0.281,40.900
45700,FORCE,16.09,0.228,-0.175,0.36,-0.276,41.000
45800,FORCE,15.95,0.226,-0.174,0.362,-0.279,41.100
45900,FORCE,16.01,0.222,-0.177,0.353,-0.283,41.200
46000,FORCE,15.99,0.227,-0.18,0.363,-0.287,41.300
46100,FORCE,16.1,0.231,-0.171,0.364,-0.269,41.400
46200,FORCE,16.01,0.226,-0.178,0.36,-0.283,41.500
46300,FORCE,16.02,0.233,-0.176,0.371,-0.279,41.600
46400,FORCE,16,0.234,-0.18,0.373,-0.286,41.700
46500,FORCE,15.94,0.224,-0.181,0.36,-0.29,41.800
46600,FORCE,15.98,0.229,-0.17,0.366,-0.271,41.900
46700,FORCE,15.85,0.227,-0.173,0.37,-0.282,42.000
46800,FORCE,16,0.213,-0.171,0.34,-0.273,42.100
46900,FORCE,15.92,0.232,-0.167,0.373,-0.269,42.200
47000,FORCE,15.95,0.239,-0.184,0.383,-0.296,42.300
47100,FORCE,16.12,0.229,-0.183,0.359,-0.287,42.400
47200,FORCE,16.02,0.22,-0.171,0.35,-0.271,42.500
47300,FORCE,16.15,0.223,-0.168,0.348,-0.262,42.600
47400,FORCE,15.93,0.227,-0.173,0.365,-0.278,42.700
47500,FORCE,16.1,0.225,-0.179,0.355,-0.283,42.800
47600,FORCE,15.88,0.22,-0.179,0.356,-0.29,42.900
47700,FORCE,16.07,0.218,-0.172,0.344,-0.271,43.000
47800,FORCE,15.95,0.225,-0.179,0.361,-0.288,43.100
47900,FORCE,15.82,0.211,-0.181,0.344,-0.294,43.200
48000,FORCE,15.97,0.213,-0.181,0.341,-0.289,43.300
48100,FORCE,16.04,0.225,-0.175,0.356,-0.278,43.400
48200,FORCE,16.07,0.218,-0.173,0.345,-0.274,43.500
48300,FORCE,15.92,0.226,-0.176,0.364,-0.283,43.600
48400,FORCE,16.05,0.227,-0.173,0.359,-0.275,43.700
48500,FORCE,15.97,0.221,-0.185,0.354,-0.297,43.800
48600,FORCE,16.04,0.231,-0.181,0.367,-0.287,43.900
48700,FORCE,16.07,0.226,-0.181,0.358,-0.286,44.000
48800,FORCE,16.03,0.236,-0.158,0.374,-0.252,44.100
48900,FORCE,15.98,0.22,-0.163,0.351,-0.261,44.200
49000,FORCE,16.03,0.216,-0.163,0.343,-0.258,44.300
49100,FORCE,16.02,0.242,-0.181,0.385,-0.287,44.400
49200,FORCE,16.08,0.218,-0.174,0.344,-0.274,44.500
49300,FORCE,16.17,0.225,-0.173,0.351,-0.27,44.600
49400,FORCE,16.3,0.227,-0.183,0.349,-0.281,44.700
49500,FORCE,16.56,0.244,-0.194,0.363,-0.288,44.800
49600,FORCE,16.66,0.255,-0.183,0.376,-0.268,44.900
49700,FORCE,16.86,0.257,-0.19,0.368,-0.273,45.000
49800,FORCE,17.17,0.259,-0.204,0.358,-0.282,45.100
49900,FORCE,17.16,0.266,-0.2,0.369,-0.277,45.200
50000,FORCE,17.45,0.269,-0.208,0.36,-0.278,45.300
50100,FORCE,17.55,0.266,-0.209,0.353,-0.276,45.400
50200,FORCE,17.75,0.29,-0.216,0.376,-0.279,45.500
50300,FORCE,17.96,0.285,-0.229,0.36,-0.29,45.600
50400,FORCE,18.16,0.291,-0.226,0.36,-0.28,45.700
50500,FORCE,18.29,0.287,-0.231,0.35,-0.282,45.800
50600,FORCE,18.52,0.306,-0.238,0.365,-0.283,45.900
50700,FORCE,18.69,0.31,-0.231,0.362,-0.27,46.000
50800,FORCE,18.77,0.314,-0.235,0.363,-0.272,46.100
50900,FORCE,19.02,0.32,-0.247,0.361,-0.279,46.200
51000,FORCE,19.08,0.326,-0.265,0.365,-0.296,46.300
51100,FORCE,19.41,0.329,-0.263,0.356,-0.284,46.400
51200,FORCE,19.55,0.346,-0.271,0.37,-0.29,46.500
51300,FORCE,19.73,0.347,-0.27,0.363,-0.283,46.600
51400,FORCE,19.92,0.355,-0.265,0.365,-0.273,46.700
51500,FORCE,20.03,0.346,-0.273,0.352,-0.278,46.800
51600,FORCE,20.19,0.371,-0.293,0.371,-0.293,46.900
51700,FORCE,20.4,0.377,-0.286,0.37,-0.281,47.000
51800,FORCE,20.58,0.379,-0.296,0.365,-0.286,47.100
51900,FORCE,20.8,0.381,-0.296,0.359,-0.279,47.200
52000,FORCE,20.9,0.389,-0.297,0.364,-0.278,47.300
52100,FORCE,21.12,0.402,-0.316,0.368,-0.289,47.400
52200,FORCE,21.29,0.389,-0.311,0.35,-0.28,47.500
52300,FORCE,21.42,0.4,-0.325,0.355,-0.289,47.600
52400,FORCE,21.7,0.41,-0.322,0.355,-0.279,47.700
52500,FORCE,21.79,0.416,-0.327,0.358,-0.281,47.800
52600,FORCE,22.08,0.428,-0.337,0.358,-0.282,47.900
52700,FORCE,22.14,0.435,-0.352,0.363,-0.293,48.000
52800,FORCE,22.2,0.444,-0.337,0.368,-0.279,48.100
52900,FORCE,22.15,0.433,-0.342,0.36,-0.285,48.200
53000,FORCE,22.16,0.43,-0.338,0.358,-0.281,48.300
53100,FORCE,22.15,0.436,-0.343,0.363,-0.286,48.400
53200,FORCE,22.16,0.435,-0.328,0.362,-0.272,48.500
53300,FORCE,22.28,0.438,-0.347,0.36,-0.285,48.600
53400,FORCE,22.23,0.437,-0.338,0.361,-0.279,48.700
53500,FORCE,22.32,0.435,-0.343,0.357,-0.281,48.800
53600,FORCE,22.2,0.431,-0.33,0.357,-0.274,48.900
53700,FORCE,22.17,0.43,-0.331,0.357,-0.275,49.000
53800,FORCE,22.12,0.443,-0.344,0.37,-0.287,49.100
53900,FORCE,22.15,0.439,-0.345,0.365,-0.287,49.200
54000,FORCE,22.27,0.426,-0.34,0.35,-0.28,49.300
54100,FORCE,22.19,0.427,-0.34,0.354,-0.282,49.400
54200,FORCE,22.28,0.434,-0.343,0.357,-0.282,49.500
54300,FORCE,22.29,0.441,-0.349,0.362,-0.287,49.600
54400,FORCE,22.3,0.442,-0.344,0.363,-0.282,49.700
54500,FORCE,22.27,0.431,-0.334,0.355,-0.275,49.800
54600,FORCE,22.19,0.435,-0.339,0.361,-0.281,49.900
54700,FORCE,22.2,0.435,-0.327,0.361,-0.27,50.000
54800,FORCE,22.41,0.444,-0.343,0.36,-0.279,50.100
54900,FORCE,22.18,0.44,-0.342,0.365,-0.284,50.200
55000,FORCE,22.27,0.439,-0.35,0.361,-0.288,50.300
55100,FORCE,22.27,0.431,-0.329,0.355,-0.27,50.400
55200,FORCE,22.21,0.436,-0.333,0.361,-0.275,50.500
55300,FORCE,22.19,0.437,-0.339,0.363,-0.281,50.600
55400,FORCE,22.28,0.427,-0.345,0.351,-0.284,50.700
55500,FORCE,22.31,0.433,-0.344,0.355,-0.282,50.800
55600,FORCE,22.22,0.44,-0.346,0.364,-0.286,50.900
55700,FORCE,22.18,0.437,-0.342,0.362,-0.283,51.000
55800,FORCE,22.3,0.435,-0.342,0.357,-0.281,51.100
55900,FORCE,22.23,0.433,-0.341,0.357,-0.282,51.200
56000,FORCE,22.16,0.438,-0.34,0.364,-0.282,51.300
56100,FORCE,22.27,0.44,-0.343,0.362,-0.282,51.400
56200,FORCE,22.12,0.428,-0.337,0.357,-0.281,51.500
56300,FORCE,22.26,0.432,-0.339,0.356,-0.279,51.600
56400,FORCE,22.06,0.43,-0.325,0.361,-0.272,51.700
56500,FORCE,21.82,0.42,-0.34,0.36,-0.292,51.800
56600,FORCE,21.64,0.415,-0.316,0.362,-0.275,51.900
56700,FORCE,21.47,0.41,-0.316,0.363,-0.28,52.000
56800,FORCE,21.41,0.393,-0.314,0.35,-0.279,52.100
56900,FORCE,21.3,0.397,-0.297,0.357,-0.267,52.200
57000,FORCE,21,0.39,-0.314,0.361,-0.291,52.300
57100,FORCE,20.83,0.382,-0.295,0.359,-0.277,52.400
57200,FORCE,20.59,0.385,-0.288,0.371,-0.278,52.500
57300,FORCE,20.33,0.374,-0.297,0.37,-0.293,52.600
57400,FORCE,20.26,0.354,-0.29,0.352,-0.289,52.700
57500,FORCE,20.09,0.356,-0.273,0.36,-0.276,52.800
57600,FORCE,19.98,0.342,-0.271,0.349,-0.277,52.900
57700,FORCE,19.72,0.341,-0.266,0.358,-0.28,53.000
57800,FORCE,19.55,0.33,-0.258,0.353,-0.276,53.100
57900,FORCE,19.43,0.326,-0.255,0.353,-0.276,53.200
58000,FORCE,19.17,0.332,-0.249,0.369,-0.277,53.300
58100,FORCE,18.99,0.314,-0.243,0.356,-0.275,53.400
58200,FORCE,18.83,0.319,-0.252,0.367,-0.29,53.500
58300,FORCE,18.66,0.301,-0.242,0.353,-0.284,53.600
58400,FORCE,18.49,0.301,-0.238,0.359,-0.284,53.700
58500,FORCE,18.37,0.292,-0.224,0.353,-0.271,53.800
58600,FORCE,18.1,0.293,-0.215,0.366,-0.268,53.900
58700,FORCE,18.07,0.283,-0.219,0.353,-0.274,54.000
58800,FORCE,17.72,0.28,-0.201,0.364,-0.262,54.100
58900,FORCE,17.49,0.265,-0.22,0.354,-0.293,54.200
59000,FORCE,17.49,0.273,-0.218,0.365,-0.29,54.300
59100,FORCE,17.23,0.271,-0.201,0.373,-0.276,54.400
59200,FORCE,17.09,0.251,-0.198,0.351,-0.277,54.500
59300,FORCE,16.82,0.257,-0.185,0.371,-0.268,54.600
59400,FORCE,16.54,0.247,-0.196,0.368,-0.292,54.700
59500,FORCE,16.64,0.24,-0.188,0.353,-0.278,54.800
59600,FORCE,16.32,0.235,-0.182,0.36,-0.279,54.900
59700,FORCE,16.22,0.233,-0.182,0.362,-0.282,55.000
59800,FORCE,16.09,0.222,-0.182,0.35,-0.287,55.100
59900,FORCE,16.01,0.223,-0.166,0.355,-0.264,55.200
60000,FORCE,15.96,0.221,-0.173,0.354,-0.277,55.300
60100,FORCE,16.05,0.23,-0.166,0.364,-0.263,55.400
60200,FORCE,16.01,0.221,-0.179,0.352,-0.285,55.500
60300,FORCE,16.08,0.234,-0.18,0.369,-0.285,55.600
60400,FORCE,15.99,0.235,-0.176,0.376,-0.281,55.700
60500,FORCE,16.05,0.229,-0.173,0.364,-0.274,55.800
60600,FORCE,15.94,0.239,-0.169,0.385,-0.272,55.900
60700,FORCE,15.99,0.231,-0.176,0.369,-0.28,56.000
60800,FORCE,15.89,0.227,-0.174,0.366,-0.281,56.100
60900,FORCE,16.04,0.228,-0.177,0.361,-0.281,56.200
61000,FORCE,15.95,0.222,-0.174,0.356,-0.279,56.300
61100,FORCE,16.05,0.227,-0.171,0.36,-0.271,56.400
61200,FORCE,15.98,0.23,-0.18,0.367,-0.288,56.500
61300,FORCE,15.93,0.221,-0.177,0.355,-0.285,56.600
61400,FORCE,16.01,0.227,-0.177,0.362,-0.282,56.700
61500,FORCE,15.97,0.225,-0.178,0.36,-0.286,56.800
61600,FORCE,15.92,0.22,-0.176,0.354,-0.283,56.900
61700,FORCE,15.96,0.217,-0.173,0.348,-0.277,57.000
61800,FORCE,16.02,0.229,-0.182,0.364,-0.289,57.100
61900,FORCE,16.02,0.217,-0.182,0.345,-0.29,57.200
62000,FORCE,15.96,0.219,-0.176,0.35,-0.282,57.300
62100,FORCE,16.03,0.222,-0.179,0.353,-0.284,57.400
62200,FORCE,16.01,0.224,-0.178,0.356,-0.283,57.500
62300,FORCE,16.05,0.231,-0.169,0.366,-0.268,57.600
62400,FORCE,15.97,0.227,-0.175,0.364,-0.28,57.700
62500,FORCE,16.07,0.221,-0.173,0.349,-0.274,57.800
62600,FORCE,16.01,0.224,-0.176,0.356,-0.28,57.900
62700,FORCE,15.95,0.212,-0.162,0.34,-0.26,58.000
62800,FORCE,16.03,0.226,-0.177,0.359,-0.282,58.100
62900,FORCE,16.07,0.225,-0.168,0.355,-0.266,58.200
63000,FORCE,16.02,0.223,-0.184,0.355,-0.292,58.300
63100,FORCE,15.95,0.223,-0.175,0.358,-0.281,58.400
63200,FORCE,15.96,0.228,-0.178,0.366,-0.286,58.500
63300,FORCE,15.97,0.22,-0.183,0.353,-0.293,58.600
63400,FORCE,16.06,0.226,-0.173,0.358,-0.273,58.700
63500,FORCE,15.84,0.212,-0.171,0.344,-0.278,58.800
63600,FORCE,15.57,0.208,-0.169,0.35,-0.284,58.900
63700,FORCE,15.47,0.2,-0.151,0.341,-0.258,59.000
63800,FORCE,15.14,0.203,-0.149,0.362,-0.265,59.100
63900,FORCE,14.97,0.2,-0.158,0.365,-0.287,59.200
64000,FORCE,14.93,0.189,-0.154,0.345,-0.281,59.300
64100,FORCE,14.61,0.192,-0.15,0.367,-0.287,59.400
64200,FORCE,14.32,0.18,-0.139,0.357,-0.277,59.500
64300,FORCE,14.1,0.164,-0.143,0.336,-0.293,59.600
64400,FORCE,14.03,0.178,-0.138,0.37,-0.286,59.700
64500,FORCE,13.97,0.162,-0.132,0.34,-0.277,59.800
64600,FORCE,13.69,0.166,-0.125,0.362,-0.271,59.900
64700,FORCE,13.47,0.152,-0.121,0.342,-0.273,60.000
64800,FORCE,13.2,0.151,-0.109,0.353,-0.255,60.100
64900,FORCE,13.02,0.143,-0.12,0.345,-0.288,60.200
65000,FORCE,12.78,0.141,-0.123,0.352,-0.308,60.300
65100,FORCE,12.54,0.129,-0.109,0.335,-0.284,60.400
65200,FORCE,12.45,0.141,-0.118,0.372,-0.311,60.500
65300,FORCE,12.13,0.128,-0.1,0.355,-0.278,60.600
65400,FORCE,11.96,0.128,-0.094,0.365,-0.269,60.700
65500,FORCE,11.79,0.109,-0.095,0.319,-0.279,60.800
65600,FORCE,11.66,0.121,-0.09,0.364,-0.271,60.900
65700,FORCE,11.5,0.107,-0.088,0.331,-0.271,61.000
65800,FORCE,11.26,0.112,-0.082,0.361,-0.262,61.100
65900,FORCE,10.94,0.108,-0.093,0.367,-0.316,61.200
66000,FORCE,10.86,0.103,-0.085,0.358,-0.295,61.300
66100,FORCE,10.62,0.099,-0.071,0.357,-0.258,61.400
66200,FORCE,10.38,0.101,-0.074,0.384,-0.282,61.500
66300,FORCE,10.15,0.088,-0.079,0.349,-0.314,61.600
66400,FORCE,10.02,0.093,-0.063,0.378,-0.254,61.700
66500,FORCE,9.88,0.088,-0.076,0.368,-0.317,61.800
66600,FORCE,9.63,0.082,-0.061,0.36,-0.266,61.900
66700,FORCE,9.45,0.086,-0.057,0.395,-0.26,62.000
66800,FORCE,9.21,0.073,-0.054,0.352,-0.26,62.100
66900,FORCE,9.02,0.078,-0.053,0.393,-0.267,62.200
67000,FORCE,8.88,0.068,-0.053,0.354,-0.276,62.300
67100,FORCE,9.03,0.08,-0.061,0.4,-0.308,62.400
67200,FORCE,9,0.083,-0.055,0.419,-0.275,62.500
67300,FORCE,9.08,0.06,-0.063,0.296,-0.314,62.600
67400,FORCE,9.03,0.063,-0.055,0.317,-0.276,62.700
67500,FORCE,8.96,0.075,-0.05,0.384,-0.256,62.800
67600,FORCE,8.98,0.068,-0.057,0.343,-0.287,62.900
67700,FORCE,9.07,0.077,-0.052,0.38,-0.26,63.000
67800,FORCE,9.07,0.053,-0.059,0.261,-0.29,63.100
67900,FORCE,9,0.063,-0.06,0.318,-0.301,63.200
68000,FORCE,9.03,0.067,-0.065,0.334,-0.325,63.300
68100,FORCE,8.96,0.073,-0.065,0.373,-0.331,63.400
68200,FORCE,9.03,0.066,-0.052,0.329,-0.263,63.500
68300,FORCE,8.87,0.076,-0.06,0.395,-0.313,63.600
68400,FORCE,9.09,0.076,-0.056,0.375,-0.279,63.700
68500,FORCE,9.02,0.066,-0.055,0.331,-0.278,63.800
68600,FORCE,9.04,0.075,-0.057,0.374,-0.283,63.900
68700,FORCE,8.97,0.069,-0.063,0.35,-0.32,64.000
68800,FORCE,8.91,0.063,-0.051,0.325,-0.262,64.100
68900,FORCE,8.99,0.062,-0.053,0.315,-0.265,64.200
69000,FORCE,9.02,0.077,-0.049,0.387,-0.244,64.300
69100,FORCE,9.01,0.073,-0.051,0.368,-0.256,64.400
69200,FORCE,8.99,0.077,-0.052,0.39,-0.261,64.500
69300,FORCE,8.94,0.071,-0.051,0.365,-0.262,64.600
69400,FORCE,9.04,0.057,-0.061,0.286,-0.307,64.700
69500,FORCE,8.99,0.07,-0.047,0.352,-0.237,64.800
69600,FORCE,8.94,0.055,-0.058,0.281,-0.296,64.900
69700,FORCE,9.04,0.064,-0.062,0.321,-0.311,65.000
69800,FORCE,9.07,0.064,-0.062,0.318,-0.309,65.100
69900,FORCE,9.04,0.078,-0.054,0.389,-0.271,65.200
70000,FORCE,9.04,0.068,-0.063,0.341,-0.315,65.300
70100,FORCE,9.02,0.067,-0.052,0.335,-0.259,65.400
70200,FORCE,9.02,0.076,-0.066,0.383,-0.331,65.500
70300,FORCE,9.1,0.068,-0.053,0.338,-0.261,65.600
70400,FORCE,8.92,0.078,-0.062,0.401,-0.317,65.700
70500,FORCE,9.05,0.068,-0.055,0.34,-0.272,65.800
70600,FORCE,8.72,0.074,-0.052,0.4,-0.277,65.900
70700,FORCE,8.45,0.052,-0.041,0.298,-0.234,66.000
70800,FORCE,8.19,0.069,-0.04,0.419,-0.246,66.100
70900,FORCE,7.91,0.057,-0.04,0.372,-0.263,66.200
71000,FORCE,7.68,0.063,-0.038,0.434,-0.26,66.300
71100,FORCE,7.53,0.055,-0.042,0.396,-0.3,66.400
71200,FORCE,7.27,0.048,-0.048,0.372,-0.372,66.500
71300,FORCE,6.9,0.042,-0.035,0.362,-0.295,66.600
71400,FORCE,6.75,0.041,-0.024,0.37,-0.212,66.700
71500,FORCE,6.5,0.032,-0.027,0.31,-0.261,66.800
71600,FORCE,6.14,0.037,-0.027,0.406,-0.296,66.900
71700,FORCE,5.94,0.034,-0.018,0.394,-0.203,67.000
71800,FORCE,5.72,0.037,-0.029,0.468,-0.366,67.100
71900,FORCE,5.38,0.025,-0.022,0.349,-0.315,67.200
72000,FORCE,5.1,0.021,-0.014,0.328,-0.223,67.300
72100,FORCE,4.85,0.019,-0.013,0.327,-0.223,67.400
72200,FORCE,4.57,0.014,-0.011,0.27,-0.218,67.500
72300,FORCE,4.38,0.024,-0.014,0.504,-0.294,67.600
72400,FORCE,4.1,0.016,-0.005,0.396,-0.119,67.700
72500,FORCE,3.89,0.022,-0.001,0.605,-0.029,67.800
72600,FORCE,3.47,0.003,-0.015,0.117,-0.519,67.900
72700,FORCE,3.33,0.014,-0.004,0.521,-0.129,68.000
72800,FORCE,2.98,-0.004,-0.016,,,68.100
72900,FORCE,2.84,0.004,-0.002,,,68.200
73000,FORCE,2.66,0.007,-0.007,,,68.300
73100,FORCE,2.21,-0.003,0.008,,,68.400
73200,FORCE,2.11,0.001,0.004,,,68.500
73300,FORCE,1.84,0.002,-0.004,,,68.600
73400,FORCE,1.48,0.005,-0.002,,,68.700
73500,FORCE,1.25,0.009,0.001,,,68.800
73600,FORCE,1.06,-0.001,-0.02,,,68.900
73700,FORCE,0.66,0,0.003,,,69.000
73800,FORCE,0.51,0.006,0.004,,,69.100
73900,FORCE,0.26,0.009,0.01,,,69.200
74000,FORCE,0,0.003,-0.005,,,69.300
74100,FORCE,0,0.006,-0.008,,,69.400
74200,FORCE,0,0.001,-0.004,,,69.500
74300,FORCE,0,0.006,-0.004,,,69.600
74400,FORCE,0,0.006,0.003,,,69.700
74500,FORCE,0,-0.01,-0.009,,,69.800
74600,FORCE,0,0.001,-0.003,,,69.900
74700,FORCE,0,0.008,0.008,,,70.000
74800,FORCE,0,-0.001,-0.005,,,70.100
74900,FORCE,0,-0.001,-0.004,,,70.200
75000,FORCE,0,0.005,-0.003,,,70.300
75100,FORCE,0,0.009,-0.015,,,70.400
75200,FORCE,0,0,0.01,,,70.500
75300,FORCE,0,0.001,-0.005,,,70.600
75400,FORCE,0,-0.004,-0.011,,,70.700
75500,FORCE,0,0.013,-0.002,,,70.800
75600,FORCE,0,-0.001,0.004,,,70.900
75700,IDLE,0,-0.002,-0.005,,,71.000
75800,IDLE,0,-0.001,0.007,,,71.100
75900,IDLE,0,-0.001,0.001,,,71.200
76000,IDLE,0,-0.003,-0.007,,,71.300
76100,IDLE,0,0.011,-0.005,,,71.400
76200,IDLE,0,-0.005,0.006,,,71.500
76300,IDLE,0,-0.001,-0.012,,,71.600
76400,IDLE,0,0.001,-0.004,,,71.700
76500,IDLE,0,0.005,0.001,,,71.800
76600,IDLE,0,0.009,-0.004,,,71.900
76700,IDLE,0,-0.003,-0.008,,,72.000
76800,IDLE,0,-0.012,0.002,,,72.100
76900,IDLE,0,-0.005,-0.001,,,72.200
77000,IDLE,0,-0.001,0.005,,,72.300
77100,IDLE,0,0.009,-0.013,,,72.400
77200,IDLE,0,0.004,-0.004,,,72.500
77300,IDLE,0,-0.004,-0.003,,,72.600
77400,IDLE,0,0.004,-0.004,,,72.700
77500,IDLE,0,-0.001,-0.004,,,72.800
77600,IDLE,0,-0.009,0.005,,,72.900
77700,IDLE,0,-0.009,-0.001,,,73.000
77800,IDLE,0,-0.002,0.005,,,73.100
77900,IDLE,0,-0.003,0.011,,,73.200
78000,IDLE,0,-0.015,0.008,,,73.300
78100,IDLE,0,0.008,-0.008,,,73.400
78200,IDLE,0,0.005,0.003,,,73.500
78300,IDLE,0,0.007,0.013,,,73.600
78400,IDLE,0,-0.001,0.007,,,73.700
78500,IDLE,0,-0.002,-0.006,,,73.800
78600,IDLE,0,-0.003,0.007,,,73.900
78700,IDLE,0,0.002,-0.002,,,74.000
78800,IDLE,0,-0.002,0.003,,,74.100
78900,IDLE,0,0.003,-0.016,,,74.200
79000,IDLE,0,0.001,-0.004,,,74.300
79100,IDLE,0,-0.008,0.002,,,74.400
79200,IDLE,0,-0.007,-0.003,,,74.500
79300,IDLE,0,-0.002,0.005,,,74.600
79400,IDLE,0,-0.001,0.003,,,74.700
79500,IDLE,0,-0.003,0.003,,,74.800
79600,IDLE,0,0.004,-0.006,,,74.900
79700,IDLE,0,0.006,0.005,,,75.000
79800,IDLE,0,-0.007,-0.007,,,75.100
79900,IDLE,0,0.003,-0.005,,,75.200
80000,IDLE,0,0.002,0.001,,,75.300
80100,IDLE,0,-0.017,0.006,,,75.400
80200,IDLE,0,0,-0.005,,,75.500
80300,IDLE,0,0.003,0.006,,,75.600
80400,IDLE,0,0.005,-0.001,,,75.700
80500,IDLE,0,-0.003,0,,,75.800
80600,IDLE,0,0,0,,,75.900
80700,IDLE,0,-0.013,0.005,,,76.000
80800,IDLE,0,-0.005,0.026,,,76.100
80900,IDLE,0,-0.009,0.043,,,76.200
81000,IDLE,0,-0.015,0.042,,,76.300
81100,IDLE,0,-0.008,0.033,,,76.400
81200,IDLE,0,-0.002,0.028,,,76.500
81300,IDLE,0,-0.015,0.037,,,76.600
81400,IDLE,0,-0.008,0.039,,,76.700
81500,IDLE,0,-0.017,0.035,,,76.800
81600,IDLE,0,-0.028,0.037,,,76.900
81700,IDLE,0,-0.014,0.029,,,77.000
81800,IDLE,0,-0.009,0.035,,,77.100
81900,IDLE,0,-0.011,0.033,,,77.200
82000,IDLE,0,-0.007,0.039,,,77.300
82100,IDLE,0,-0.011,0.026,,,77.400
82200,IDLE,0,-0.017,0.038,,,77.500
82300,IDLE,0,-0.009,0.036,,,77.600
82400,IDLE,0,0,0.045,,,77.700
82500,IDLE,0,-0.014,0.033,,,77.800
82600,IDLE,0,-0.012,0.036,,,77.900
82700,IDLE,0,-0.008,0.046,,,78.000
82800,IDLE,0,-0.013,0.034,,,78.100
82900,IDLE,0,-0.026,0.039,,,78.200
83000,IDLE,0,-0.014,0.033,,,78.300
83100,IDLE,0,-0.012,0.04,,,78.400
83200,IDLE,0,-0.013,0.032,,,78.500
83300,IDLE,0,-0.007,0.03,,,78.600
83400,IDLE,0,-0.009,0.035,,,78.700
83500,IDLE,0,-0.022,0.027,,,78.800
83600,IDLE,0,-0.01,0.047,,,78.900
83700,IDLE,0,-0.024,0.032,,,79.000
83800,SMOKE,0.06,0,0.003,,,79.100
83900,SMOKE,0.11,-0.003,0,,,79.200
84000,SMOKE,0.17,-0.003,0.001,,,79.300
84100,SMOKE,0.21,-0.012,0.002,,,79.400
84200,SMOKE,0.2,0.004,0.004,,,79.500
84300,SMOKE,0.24,-0.011,0,,,79.600
84400,SMOKE,0.44,0.007,-0.005,,,79.700
84500,SMOKE,0.44,-0.011,0.01,,,79.800
84600,SMOKE,0.51,0.003,-0.011,,,79.900
84700,SMOKE,0.59,0.01,0.008,,,80.000
84800,SMOKE,0.74,-0.006,-0.003,,,80.100
84900,SMOKE,0.7,0.009,-0.005,,,80.200
85000,SMOKE,0.71,0.007,0,,,80.300
